{
  "geometry": "skinpacks/skins.json",
  "skins": [
    {
      "localization_name": "skin1",
      "geometry": "geometry.ChineseMythology.PrincessIronFan",
      "texture": "skin1.png",
      "cape": "cape1.png",
      "type": "free"
    },
    {
      "localization_name": "skin2",
      "geometry": "geometry.ChineseMythology.PrincessIronFan",
      "texture": "skin2.png",
      "cape": "cape1.png",
      "type": "free"
    },
    {
      "localization_name": "skin3",
      "geometry": "geometry.BeachPartySkinPack.ClassyBeachwear",
      "texture": "skin3.png",
      "cape": "cape2.png",
      "type": "free"
    },
    {
      "localization_name": "skin4",
      "geometry": "geometry.BeachPartySkinPack.ClassyBeachwear",
      "texture": "skin4.png",
      "cape": "cape2.png",
      "type": "free"
    },
    {
      "localization_name": "skin5",
      "geometry": "geometry.NorseMythology.Sol",
      "texture": "skin5.png",
      "cape": "cape5.png",
      "type": "free"
    },
    {
      "localization_name": "skin6",
      "geometry": "geometry.NorseMythology.Sol",
      "texture": "skin6.png",
      "cape": "cape5.png",
      "type": "free"
    },
    {
      "localization_name": "skin7",
      "geometry": "geometry.MiniGameMasters.WolfTumbler",
      "texture": "skin7.png",
      "cape": "cape7.png",
      "type": "free"
    },
    {
      "localization_name": "skin8",
      "geometry": "geometry.MiniGameMasters.WolfTumbler",
      "texture": "skin8.png",
      "cape": "cape7.png",
      "type": "free"
    },
    {
      "localization_name": "skin9",
      "geometry": "geometry.PawsAndClaws.tuxedocat",
      "texture": "skin9.png",
      "cape": "cape9.png",
 "animations": {
        "move.arms": "animation.player.move.arms.zombie"
      },  
      "type": "free"
    },
    {
      "localization_name": "skin10",
      "geometry": "geometry.PawsAndClaws.tuxedocat",
      "texture": "skin10.png",
      "cape": "cape9.png",
 "animations": {
        "move.arms": "animation.player.move.arms.zombie"
      },  
      "type": "free"
    },
    {
      "localization_name": "skin11",
      "geometry": "geometry.ChineseMythology.DragonMotherGoddessLongmu",
      "texture": "skin11.png",
      "cape": "cape1.png",
      "type": "free"
    },
    {
      "localization_name": "skin12",
      "geometry": "geometry.ChineseMythology.DragonMotherGoddessLongmu",
      "texture": "skin12.png",
      "cape": "cape1.png",
      "type": "free"
    },
    {
      "localization_name": "skin13",
      "geometry": "geometry.MiniGameMasters.WolfTumbler",
      "texture": "skin13.png",
      "cape": "cape14.png",
      "type": "free"
    },
    {
      "localization_name": "skin14",
      "geometry": "geometry.MiniGameMasters.WolfTumbler",
      "texture": "skin14.png",
      "cape": "cape14.png",
      "type": "free"
    },
    {
      "localization_name": "skin15",
      "geometry": "geometry.MashUpHalloween.ArrowheadCostume",
      "texture": "skin15.png",
      "cape": "cape15.png",
      "type": "free"
    },
    {
      "localization_name": "skin16",
      "geometry": "geometry.MashUpHalloween.ArrowheadCostume",
      "texture": "skin16.png",
      "cape": "cape15.png",
      "type": "free"
    },
    {
      "localization_name": "skin17",
      "geometry": "geometry.MarioBrothers.CatPeach",
      "texture": "skin17.png",
      "cape": "cape18.png",
      "type": "free"
    },
    {
      "localization_name": "skin18",
      "geometry": "geometry.MarioBrothers.CatPeach",
      "texture": "skin18.png",
      "cape": "cape18.png",
      "type": "free"
    },
    {
      "localization_name": "skin19",
      "geometry": "geometry.NorseMythology.Sol",
      "texture": "skin19.png",
      "cape": "cape20.png",
      "type": "free"
    },
    {
      "localization_name": "skin20",
      "geometry": "geometry.NorseMythology.Sol",
      "texture": "skin20.png",
      "cape": "cape20.png",
      "type": "free"
    },
    {
      "localization_name": "skin21",
      "geometry": "geometry.BeachPartySkinPack.LobsterMan",
      "texture": "skin21.png",
      "cape": "cape22.png",
 "animations": {
        "move.arms": "animation.player.move.arms.zombie"
      },  
      "type": "free"
    },
    {
      "localization_name": "skin22",
      "geometry": "geometry.BeachPartySkinPack.LobsterMan",
      "texture": "skin22.png",
      "cape": "cape22.png",
 "animations": {
        "move.arms": "animation.player.move.arms.zombie"
      },  
      "type": "free"
    },
    {
      "localization_name": "skin23",
      "geometry": "geometry.FINALFANTASYXVSkinPack.Shiva",
      "texture": "skin23.png",
      "type": "free"
    },
    {
      "localization_name": "skin24",
      "geometry": "geometry.FINALFANTASYXVSkinPack.Shiva",
      "texture": "skin24.png",
      "type": "free"
    },
    {
      "localization_name": "skin25",
      "geometry": "geometry.ChineseMythology.DragonMotherGoddessLongmu",
      "texture": "skin25.png",
      "cape": "cape2.png",
      "type": "free"
    },
    {
      "localization_name": "skin26",
      "geometry": "geometry.ChineseMythology.DragonMotherGoddessLongmu",
      "texture": "skin26.png",
      "cape": "cape2.png",
      "type": "free"
    },
    {
      "localization_name": "skin27",
      "geometry": "geometry.NorseMythology.Frigg",
      "texture": "skin27.png",
      "cape": "cape30.png",
      "type": "free"
    },
    {
      "localization_name": "skin28",
      "geometry": "geometry.NorseMythology.Frigg",
      "texture": "skin28.png",
      "cape": "cape30.png",
      "type": "free"
    },
    {
      "localization_name": "skin33",
      "geometry": "geometry.NorseMythology.Frigg",
      "texture": "skin33.png",
      "cape": "cape33.png",
      "type": "free"
    },
    {
      "localization_name": "skin34",
      "geometry": "geometry.NorseMythology.Frigg",
      "texture": "skin34.png",
      "cape": "cape33.png",
      "type": "free"
    },
    {
      "localization_name": "skin29",
      "geometry": "geometry.GreekMythology.Siren",
      "texture": "skin29.png",
      "type": "free"
    },
    {
      "localization_name": "skin30",
      "geometry": "geometry.GreekMythology.Siren",
      "texture": "skin30.png",
      "type": "free"
    },
    {
      "localization_name": "skin31",
      "geometry": "geometry.ChineseMythology.SnakeCelestialGoddessNuwa",
      "texture": "skin31.png",
      "cape": "cape32.png",
      "type": "free"
    },
    {
      "localization_name": "skin32",
      "geometry": "geometry.ChineseMythology.SnakeCelestialGoddessNuwa",
      "texture": "skin32.png",
      "cape": "cape32.png",
      "type": "free"
    },
    {  
      "localization_name": "skin234",
      "geometry": "geometry.NorseMythology.Mani",
      "texture": "s29.png",
      "cape": "cape4.png",
      "type": "free"
    },
    {
      "localization_name": "skin345",
      "geometry": "geometry.NorseMythology.Mani",
      "texture": "s30.png",
      "cape": "cape4.png",
      "type": "free"
    },
    {
      "localization_name": "skin456",
      "geometry": "geometry.ChineseMythology.MoonSpiritJadeRabbit",
      "texture": "s12.png",
      "cape": "cape3.png",
      "type": "free"
    },
    {
      "localization_name": "skin456711",
      "geometry": "geometry.ChineseMythology.MoonSpiritJadeRabbit",
      "texture": "s11.png",
      "cape": "cape3.png",
      "type": "free"
    },
    {
      "localization_name": "skin566",
      "geometry": "geometry.ChineseMythology.MoonSpiritJadeRabbit",
      "texture": "s6.png",
      "cape": "cape4.png",
      "type": "free"
    },
    {
      "localization_name": "skin56785",
      "geometry": "geometry.ChineseMythology.MoonSpiritJadeRabbit",
      "texture": "s5.png",
      "cape": "cape4.png",
      "type": "free"
    },
    {
      "localization_name": "skin341",
      "geometry": "geometry.PawsAndClaws.tuxedocat",
      "texture": "s1.png",
      "cape": "cape3.png",
      "type": "free"
    },
    {
      "localization_name": "skin232",
      "geometry": "geometry.PawsAndClaws.tuxedocat",
      "texture": "s2.png",
      "cape": "cape3.png",
      "type": "free"
    },
    {
      "localization_name": "skin2349",
      "geometry": "geometry.FINALFANTASYXVSkinPack.Shiva",
      "texture": "s9.png",
      "type": "free"
    },
    {
      "localization_name": "skin1450",
      "geometry": "geometry.FINALFANTASYXVSkinPack.Shiva",
      "texture": "s10.png",
      "type": "free"
    },
    {
      "localization_name": "skin2454",
      "geometry": "geometry.FINALFANTASYXVSkinPack.Shiva",
      "texture": "s4.png",
      "type": "free"
    },
    {
      "localization_name": "skin453",
      "geometry": "geometry.FINALFANTASYXVSkinPack.Shiva",
      "texture": "s3.png",
      "type": "free"
    },
    {
      "localization_name": "skin854",
      "geometry": "geometry.FINALFANTASYXVSkinPack.Shiva",
      "texture": "s8.png",
      "type": "free"
    },
    {
      "localization_name": "skin767",
      "geometry": "geometry.FINALFANTASYXVSkinPack.Shiva",
      "texture": "s7.png",
      "type": "free"
    },
    {
      "localization_name": "skin268",
      "geometry": "geometry.NorseMythology.Sol",
      "texture": "s26.png",
      "cape": "cape3.png",
      "type": "free"
    },
    {
      "localization_name": "skin24565",
      "geometry": "geometry.NorseMythology.Sol",
      "texture": "s25.png",
      "cape": "cape3.png",
      "type": "free"
    },
    {
      "localization_name": "skin23457",
      "geometry": "geometry.StarWarsSequelSkinPack.TallieLintraTlj",
      "texture": "s27.png",
      "cape": "cape3.png",
      "type": "free"
    },
    {
      "localization_name": "skin2348",
      "geometry": "geometry.StarWarsSequelSkinPack.TallieLintraTlj",
      "texture": "s28.png",
      "cape": "cape3.png",
      "type": "free"
     },
     {
      "localization_name": "skin1453",
      "geometry": "geometry.MashUpHalloween.ArrowheadCostume",
      "texture": "s13.png",
      "cape": "cape3.png",
      "type": "free"
    },
    {
      "localization_name": "skin1234",
      "geometry": "geometry.MashUpHalloween.ArrowheadCostume",
      "texture": "s14.png",
      "cape": "cape3.png",
      "type": "free"
     },
     {
      "localization_name": "skin15123",
      "geometry": "geometry.FINALFANTASYXVSkinPack.Cindy",
      "texture": "s15.png",
      "cape": "cape3.png",
      "type": "free"
     },
     {
      "localization_name": "skin16000",
      "geometry": "geometry.FINALFANTASYXVSkinPack.Cindy",
      "texture": "s16.png",
      "cape": "cape3.png",
      "type": "free"
     },
     {
      "localization_name": "t1",
      "geometry": "geometry.HolidaySkinPack2015.Tomte",
      "texture": "t1.png",
      "cape": "ct1.png",
      "type": "free"
    },
    {
      "localization_name": "t2",
      "geometry": "geometry.HolidaySkinPack2015.Tomte",
      "texture": "t2.png",
      "cape": "ct1.png",
      "type": "free"
    },
    {
      "localization_name": "t3",
      "geometry": "geometry.GreekMythology.Siren",
      "texture": "t3.png",
      "cape": "ct1.png",
      "type": "free"
    },
    {
      "localization_name": "t4",
      "geometry": "geometry.GreekMythology.Siren",
      "texture": "t4.png",
      "cape": "ct1.png",
      "type": "free"
    },
    {
      "localization_name": "t5",
      "geometry": "geometry.ChineseMythology.PrincessIronFan",
      "texture": "t5.png",
      "cape": "ct1.png",
      "type": "free"
    },
    {
      "localization_name": "t6",
      "geometry": "geometry.ChineseMythology.PrincessIronFan",
      "texture": "t6.png",
      "cape": "ct1.png",
      "type": "free"
    },
    {
      "localization_name": "t7",
      "geometry": "geometry.BeachPartySkinPack.LobsterMan",
      "texture": "t7.png",
      "type": "free"
    },
    {
      "localization_name": "t8",
      "geometry": "geometry.HolidaySkinPack2015.Tomte",
      "texture": "t8.png",
      "cape": "ct1.png",
      "type": "free"
    },
    {
      "localization_name": "t9",
      "geometry": "geometry.HolidaySkinPack2015.Tomte",
      "texture": "t9.png",
      "cape": "ct1.png",
      "type": "free"
    },
    {
      "localization_name": "t10",
      "geometry": "geometry.HolidaySkinPack2015.Tomte",
      "texture": "t10.png",
      "cape": "ct2.png",
      "type": "free"
    },
    {
      "localization_name": "t11",
      "geometry": "geometry.NorseMythology.Sol",
      "texture": "t11.png",
      "cape": "ct4.png",
      "type": "free"
    },
    {
      "localization_name": "t12",
      "geometry": "geometry.NorseMythology.Sol",
      "texture": "t12.png",
      "cape": "ct4.png",
      "type": "free"
    },
    {
      "localization_name": "t13",
      "geometry": "geometry.StevenUniverse.Peridot",
      "texture": "t13.png",
      "type": "free"
    },
    {
      "localization_name": "t14",
      "geometry": "geometry.StevenUniverse.Peridot",
      "texture": "t14.png",
      "type": "free"
    },
    {
      "localization_name": "t16",
      "geometry": "geometry.StevenUniverse.Peridot",
      "texture": "t16.png",
      "type": "free"
    },
    {
      "localization_name": "t15",
      "geometry": "geometry.StevenUniverse.Peridot",
      "texture": "t15.png",
      "type": "free"
    },
    {
      "localization_name": "t17",
      "geometry": "geometry.BeachPartySkinPack.ClassyBeachwear",
      "texture": "t17.png",
      "cape": "ct3.png",
      "type": "free"
    },
    {
      "localization_name": "t18",
      "geometry": "geometry.BeachPartySkinPack.ClassyBeachwear",
      "texture": "t18.png",
      "cape": "ct3.png",
      "type": "free"
    },
    {
      "localization_name": "skin34567",
      "geometry": "geometry.GreekMythology.Siren",
      "texture": "skin34445.png",
      "type": "free"
    },
    {
      "localization_name": "skin3456",
      "geometry": "geometry.GreekMythology.Siren",
      "texture": "skin3444.png",
      "type": "free"
    },
    {
      "localization_name": "skin8888",
      "geometry": "geometry.ChineseMythology.MoonSpiritJadeRabbit",
      "texture": "skin8888.png",
      "cape": "cape4319.png",
      "type": "free"
    },
    {
      "localization_name": "skin9999",
      "geometry": "geometry.ChineseMythology.MoonSpiritJadeRabbit",
      "texture": "skin9999.png",
      "cape": "cape4319.png",
      "type": "free"
    },
    {
      "localization_name": "skin44",
      "geometry": "geometry.PawsAndClaws.tuxedocat",
      "texture": "skin44.png",
      "cape": "cape9434.png",
      "type": "free"
    },
    {
      "localization_name": "skin45",
      "geometry": "geometry.PawsAndClaws.tuxedocat",
      "texture": "skin45.png",
      "cape": "cape9434.png",
      "type": "free"
    },
    {
      "localization_name": "skin46",
      "geometry": "geometry.MashUpHalloween.ArrowheadCostume",
      "texture": "skin46.png",
      "cape": "cape4319.png",
      "type": "free"
    },
    {
      "localization_name": "skin47",
      "geometry": "geometry.MashUpHalloween.ArrowheadCostume",
      "texture": "skin47.png",
      "cape": "cape4319.png",
      "type": "free"
    },
    {
      "localization_name": "skin54",
      "geometry": "geometry.ChineseMythology.DragonMotherGoddessLongmu",
      "texture": "skin54.png",
      "cape": "cape54.png",
      "type": "free"
    },
    {
      "localization_name": "skin53",
      "geometry": "geometry.ChineseMythology.DragonMotherGoddessLongmu",
      "texture": "skin53.png",
      "cape": "cape54.png",
      "type": "free"
    },
    {
      "localization_name": "skin68",
      "geometry": "geometry.ChineseMythology.SouthernSymbolVermillionBird",
      "texture": "skin68.png",
      "cape": "cape125.png",
      "type": "free"
    },
    {
      "localization_name": "skin66",
      "geometry": "geometry.ChineseMythology.SouthernSymbolVermillionBird",
      "texture": "skin66.png",
      "type": "free"
    },
    {
      "localization_name": "skin67",
      "geometry": "geometry.ChineseMythology.SouthernSymbolVermillionBird",
      "texture": "skin67.png",
      "type": "free"
    },
    {
      "localization_name": "skin69",
      "geometry": "geometry.ChineseMythology.SouthernSymbolVermillionBird",
      "texture": "skin69.png",
      "type": "free"
    },
    {
      "localization_name": "skin77",
      "geometry": "geometry.NorseMythology.Ratatoskr",
      "texture": "skin77.png",
      "cape": "cape95.png",
      "type": "free"
    },
    {
      "localization_name": "skin76",
      "geometry": "geometry.NorseMythology.Ratatoskr",
      "texture": "skin76.png",
      "cape": "cape95.png",
      "type": "free"
    },
    {
      "localization_name": "skin82",
      "geometry": "geometry.NorseMythology.Sol",
      "texture": "skin82.png",
      "cape": "cape83.png",
      "type": "free"
    },
    {
      "localization_name": "skin83",
      "geometry": "geometry.NorseMythology.Sol",
      "texture": "skin83.png",
      "cape": "cape83.png",
      "type": "free"
    },
    {
      "localization_name": "skin93",
      "geometry": "geometry.MiniGameMasters.WolfTumbler",
      "texture": "skin93.png",
      "cape": "cape4319.png",
      "type": "free"
    },
    {
      "localization_name": "skin94",
      "geometry": "geometry.MiniGameMasters.WolfTumbler",
      "texture": "skin94.png",
      "cape": "cape4319.png",
      "type": "free"
    },
    {
      "localization_name": "skin122",
      "geometry": "geometry.PawsAndClaws.tuxedocat",
      "texture": "skin122.png",
      "cape": "cape67894.png",
      "type": "free"
    },
    {
      "localization_name": "skin121",
      "geometry": "geometry.PawsAndClaws.tuxedocat",
      "texture": "skin121.png",
      "cape": "cape67894.png",
      "type": "free"
    },
    {
      "localization_name": "skin124",
      "geometry": "geometry.MashUpHalloween.ArrowheadCostume",
      "texture": "skin124.png",
      "cape": "cape0000.png",
      "type": "free"
    },
    {
      "localization_name": "skin125",
      "geometry": "geometry.MashUpHalloween.ArrowheadCostume",
      "texture": "skin125.png",
      "cape": "cape0000.png",
      "type": "free"
    },
    {
      "localization_name": "skin325",
      "geometry": "geometry.BeachPartySkinPack.ClassyBeachwear",
      "texture": "skin325.png",
      "cape": "cape4319.png",
      "type": "free"
    },
    {
      "localization_name": "skin9543",
      "geometry": "geometry.BeachPartySkinPack.ClassyBeachwear",
      "texture": "skin9543.png",
      "cape": "cape4319.png",
      "type": "free"
    },
    {
      "localization_name": "skin5343",
      "geometry": "geometry.MashupAdventureTime.EmeraldPrincess",
      "texture": "skin5343.png",
      "cape": "cape4319.png",
      "type": "free"
    },
    {
      "localization_name": "skin352",
      "geometry": "geometry.MashupAdventureTime.EmeraldPrincess",
      "texture": "skin352.png",
      "cape": "cape4319.png",
      "type": "free"
    },
    {
      "localization_name": "skin6473",
      "geometry": "geometry.MiniGameHeroes.MiniGameHeroesCatGlider",
      "texture": "skin6473.png",
      "cape": "cape47.png",
      "type": "free"
    },
    {
      "localization_name": "skin47382",
      "geometry": "geometry.MiniGameHeroes.MiniGameHeroesCatGlider",
      "texture": "skin47382.png",
      "cape": "cape47.png",
      "type": "free"
    },
    {
      "localization_name": "r1",
      "geometry": "geometry.ChineseMythology.PrincessIronFan",
      "texture": "r1.png",
      "cape": "cr.png",
      "type": "free"
    },
    {
      "localization_name": "r2",
      "geometry": "geometry.ChineseMythology.PrincessIronFan",
      "texture": "r2.png",
      "cape": "cr.png",
      "type": "free"
    },
    {
      "localization_name": "r3",
      "geometry": "geometry.PawsAndClaws.tuxedocat",
      "texture": "r3.png",
      "cape": "cr7.png",
      "type": "free"
    },
    {
      "localization_name": "r4",
      "geometry": "geometry.PawsAndClaws.tuxedocat",
      "texture": "r4.png",
      "cape": "cr6.png",
      "type": "free"
    },
    {
      "localization_name": "r5",
      "geometry": "geometry.MashUpHalloween.ArrowheadCostume",
      "texture": "r5.png",
      "cape": "cr6.png",
      "type": "free"
    },
    {
      "localization_name": "r6",
      "geometry": "geometry.MashUpHalloween.ArrowheadCostume",
      "texture": "r6.png",
      "cape": "cr6.png",
      "type": "free"
    },
    {
      "localization_name": "r7",
      "geometry": "geometry.PawsAndClaws.tuxedocat",
      "texture": "r7.png",
      "cape": "cr6.png",
      "type": "free"
    },
    {
      "localization_name": "r8",
      "geometry": "geometry.PawsAndClaws.tuxedocat",
      "texture": "r8.png",
      "cape": "cr6.png",
      "type": "free"
    },
    {
      "localization_name": "r9",
      "geometry": "geometry.PawsAndClaws.tuxedocat",
      "texture": "r9.png",
      "cape": "cr6.png",
      "type": "free"
    },
    {
      "localization_name": "r10",
      "geometry": "geometry.PawsAndClaws.tuxedocat",
      "texture": "r10.png",
      "cape": "cr6.png",
      "type": "free"
    },
    {
      "localization_name": "r11",
      "geometry": "geometry.GreekMythology.Siren",
      "texture": "r11.png",
      "type": "free"
    },
    {
      "localization_name": "r12",
      "geometry": "geometry.GreekMythology.Siren",
      "texture": "r12.png",
      "type": "free"
    },
    {
      "localization_name": "r13",
      "geometry": "geometry.ChineseMythology.DragonMotherGoddessLongmu",
      "texture": "r13.png",
      "cape": "cr1.png",
      "type": "free"
    },
    {
      "localization_name": "r14",
      "geometry": "geometry.ChineseMythology.DragonMotherGoddessLongmu",
      "texture": "r14.png",
      "cape": "cr1.png",
      "type": "free"
    },
    {
      "localization_name": "r15",
      "geometry": "geometry.ChineseMythology.DragonMotherGoddessLongmu",
      "texture": "r15.png",
      "cape": "cr6.png",
      "type": "free"
    },
    {
      "localization_name": "r16",
      "geometry": "geometry.ChineseMythology.DragonMotherGoddessLongmu",
      "texture": "r16.png",
      "cape": "cr6.png",
      "type": "free"
    },
    {
      "localization_name": "r18",
      "geometry": "geometry.ChineseMythology.DragonMotherGoddessLongmu",
      "texture": "r18.png",
      "cape": "cr6.png",
      "type": "free"
    },
    {
      "localization_name": "r17",
      "geometry": "geometry.ChineseMythology.DragonMotherGoddessLongmu",
      "texture": "r17.png",
      "cape": "cr6.png",
      "type": "free"
    },
    {
      "localization_name": "r19",
      "geometry": "geometry.ChineseMythology.MoonSpiritJadeRabbit",
      "texture": "r19.png",
      "cape": "cr6.png",
      "type": "free"
    },
    {
      "localization_name": "r20",
      "geometry": "geometry.ChineseMythology.MoonSpiritJadeRabbit",
      "texture": "r20.png",
      "cape": "cr6.png",
      "type": "free"
    },
    {
      "localization_name": "skinH1",
      "geometry": "geometry.GreekMythology.Siren",
      "texture": "skinH1.png",
      "type": "free"
    },
    {
      "localization_name": "skinH2",
      "geometry": "geometry.GreekMythology.Siren",
      "texture": "skinH2.png",
      "type": "free"
    },
    {
      "localization_name": "skinH74",
      "geometry": "geometry.GreekMythology.Siren",
      "texture": "skinH74.png",
      "type": "free"
    },
    {
      "localization_name": "skinH75",
      "geometry": "geometry.GreekMythology.Siren",
      "texture": "skinH75.png",
      "type": "free"
    },
    {
      "localization_name": "skinH10",
      "geometry": "geometry.GreekMythology.Siren",
      "texture": "skinH10.png",
      "type": "free"
    },
    {
      "localization_name": "skinH9",
      "geometry": "geometry.GreekMythology.Siren",
      "texture": "skinH9.png",
      "type": "free"
    },
    {
      "localization_name": "skinH18",
      "geometry": "geometry.MiniGameMasters.WolfTumbler",
      "texture": "skinH18.png",
      "cape": "capeH125.png",
      "type": "free"
    },
    {
      "localization_name": "skinH19",
      "geometry": "geometry.MiniGameMasters.WolfTumbler",
      "texture": "skinH19.png",
      "cape": "capeH125.png",
      "type": "free"
    },
    {
      "localization_name": "skinH12",
      "geometry": "geometry.MiniGameMasters.WolfTumbler",
      "texture": "skinH12.png",
      "cape": "capeH125.png",
      "type": "free"
    },
    {
      "localization_name": "skinH13",
      "geometry": "geometry.MiniGameMasters.WolfTumbler",
      "texture": "skinH13.png",
      "cape": "capeH125.png",
      "type": "free"
    },
    {
      "localization_name": "skinH78",
      "geometry": "geometry.MiniGameMasters.WolfTumbler",
      "texture": "skinH78.png",
      "cape": "capeH125.png",
      "type": "free"
    },
    {
      "localization_name": "skinH79",
      "geometry": "geometry.MiniGameMasters.WolfTumbler",
      "texture": "skinH79.png",
      "cape": "capeH125.png",
      "type": "free"
    },
     {
      "localization_name": "skinH8",
      "geometry": "geometry.MarioBrothers.CatPeach",
      "texture": "skinH8.png",
      "cape": "capeH12.png",
      "type": "free"
    },
    {
      "localization_name": "skinH7",
      "geometry": "geometry.MarioBrothers.CatPeach",
      "texture": "skinH7.png",
      "cape": "capeH12.png",
      "type": "free"
    },
    {
      "localization_name": "skinH52",
      "geometry": "geometry.PawsAndClaws.tuxedocat",
      "texture": "skinH52.png",
      "cape": "capeH125.png",
      "type": "free"
    },
    {
      "localization_name": "skinH51",
      "geometry": "geometry.PawsAndClaws.tuxedocat",
      "texture": "skinH51.png",
      "cape": "capeH125.png",
      "type": "free"
    },
    {
      "localization_name": "skinH84",
      "geometry": "geometry.PawsAndClaws.tuxedocat",
      "texture": "skinH84.png",
      "cape": "capeH17.png",
      "type": "free"
    },
    {
      "localization_name": "skinH85",
      "geometry": "geometry.PawsAndClaws.tuxedocat",
      "texture": "skinH85.png",
      "cape": "capeH17.png",
      "type": "free"
    },
    {
      "localization_name": "skinH125",
      "geometry": "geometry.PawsAndClaws.tuxedocat",
      "texture": "skinH125.png",
"animations": {
        "move.arms": "animation.player.move.arms.zombie"
      },
      "cape": "capeH31.png",
      "type": "free"
    },
    {
      "localization_name": "skinH124",
      "geometry": "geometry.PawsAndClaws.tuxedocat",
      "texture": "skinH124.png",
"animations": {
        "move.arms": "animation.player.move.arms.zombie"
     },
      "cape": "capeH31.png",
      "type": "free"
    },
    {
      "localization_name": "skinH88",
      "geometry": "geometry.ChineseMythology.MoonSpiritJadeRabbit",
      "texture": "skinH88.png",
      "cape": "capeH88.png",
      "type": "free"
    },
    {
      "localization_name": "skinH89",
      "geometry": "geometry.ChineseMythology.MoonSpiritJadeRabbit",
      "texture": "skinH89.png",
      "cape": "capeH88.png",
      "type": "free"
    },
    {
      "localization_name": "skinH41",
      "geometry": "geometry.MiniGameHeroes.MiniGameHeroesCatGlider",
      "texture": "skinH41.png",
      "cape": "capeH33.png",
      "type": "free"
    },
    {
      "localization_name": "skinH40",
      "geometry": "geometry.MiniGameHeroes.MiniGameHeroesCatGlider",
      "texture": "skinH40.png",
      "cape": "capeH33.png",
      "type": "free"
    },
    {
      "localization_name": "skinH49",
      "geometry": "geometry.NorseMythology.Ratatoskr",
      "texture": "skinH49.png",
      "enable_attachables": false,
      "cape": "capeH95.png",
      "type": "free"
    },
    {
      "localization_name": "skinH50",
      "geometry": "geometry.NorseMythology.Ratatoskr",
      "texture": "skinH50.png",
      "enable_attachables": false,
      "cape": "capeH95.png",
      "type": "free"
    },
    {
      "localization_name": "skinH70",
      "geometry": "geometry.NorseMythology.Ratatoskr",
      "texture": "skinH70.png",
      "enable_attachables": false,
      "cape": "capeH95.png",
      "type": "free"
    },
    {
      "localization_name": "skinH71",
      "geometry": "geometry.NorseMythology.Ratatoskr",
      "texture": "skinH71.png",
      "enable_attachables": false,
      "cape": "capeH95.png",
      "type": "free"
    },
    {
      "localization_name": "skinH43",
      "geometry": "geometry.StarWarsSequelSkinPack.TallieLintraTlj",
      "texture": "skinH42.png",
      "cape": "capeH125.png", 
      "type": "free"
    },
    {
      "localization_name": "skinH42",
      "geometry": "geometry.StarWarsSequelSkinPack.TallieLintraTlj",
      "texture": "skinH43.png",
      "cape": "capeH125.png", 
      "type": "free"
    },
    {
      "localization_name": "skinH25",
      "geometry": "geometry.ChineseMythology.DragonMotherGoddessLongmu",
      "texture": "skinH25.png",
      "cape": "capeH50.png",
      "type": "free"
    },
    {
      "localization_name": "skinH24",
      "geometry": "geometry.ChineseMythology.DragonMotherGoddessLongmu",
      "texture": "skinH24.png",
      "cape": "capeH50.png",
      "type": "free"
    },
    {
      "localization_name": "skinH107",
      "geometry": "geometry.ChineseMythology.DragonMotherGoddessLongmu",
      "texture": "skinH107.png",
      "cape": "capeH108.png",
      "type": "free"
    },
    {
      "localization_name": "skinH108",
      "geometry": "geometry.ChineseMythology.DragonMotherGoddessLongmu",
      "texture": "skinH108.png",
      "cape": "capeH108.png",
      "type": "free"
    },
    {
      "localization_name": "skinH17",
      "geometry": "geometry.ChineseMythology.SnakeCelestialGoddessNuwa",
      "texture": "skinH17.png",
      "cape": "capeH2.png",
      "type": "free"
    },
    {
      "localization_name": "skinH16",
      "geometry": "geometry.ChineseMythology.SnakeCelestialGoddessNuwa",
      "texture": "skinH16.png",
      "cape": "capeH2.png",
      "type": "free"
    },
    {
      "localization_name": "skinH48",
      "geometry": "geometry.MiniGameHeroes.MiniGameHeroesCatGlider",
      "texture": "skinH48.png",
      "cape": "capeH47.png",
      "type": "free"
    },
    {
      "localization_name": "skinH47",
      "geometry": "geometry.MiniGameHeroes.MiniGameHeroesCatGlider",
      "texture": "skinH47.png",
      "cape": "capeH47.png",
      "type": "free"
    },
    {  
      "localization_name": "skinH109",
      "geometry": "geometry.MiniGameHeroes.MiniGameHeroesCatGlider",
      "texture": "skinH109.png",
      "cape": "capeH14.png",
      "type": "free"
    },
    {
      "localization_name": "skinH120",
      "geometry": "geometry.MiniGameHeroes.MiniGameHeroesCatGlider",
      "texture": "skinH120.png",
      "cape": "capeH14.png",
      "type": "free"
    },
    {
      "localization_name": "skinH92",
      "geometry": "geometry.MashUpHalloween.ArrowheadCostume",
      "texture": "skinH92.png",
      "type": "free"
    },
    {
      "localization_name": "skinH93",
      "geometry": "geometry.MashUpHalloween.ArrowheadCostume",
      "texture": "skinH93.png",
      "type": "free"
    },
    {
      "localization_name": "skinH59",
      "geometry": "geometry.MashUpHalloween.ArrowheadCostume",
      "texture": "skinH59.png", 
      "type": "free"
    },
    {
      "localization_name": "skinH60",
      "geometry": "geometry.MashUpHalloween.ArrowheadCostume",
      "texture": "skinH60.png",
      "cape": "capeH60.png", 
      "type": "free"
    },
    {
      "localization_name": "skinH101",
      "geometry": "geometry.MashUpHalloween.ArrowheadCostume",
      "texture": "skinH101.png",
      "cape": "capeH69.png", 
      "type": "free"
    },
    {
      "localization_name": "skinH102",
      "geometry": "geometry.MashUpHalloween.ArrowheadCostume",
      "texture": "skinH102.png",
      "cape": "capeH69.png", 
      "type": "free"
    },
     {
      "localization_name": "skinH63",
      "geometry": "geometry.MashUpHalloween.ArrowheadCostume",
      "texture": "skinH63.png",
      "cape": "capeH60.png", 
      "type": "free"
    },
    {
      "localization_name": "skinH64",
      "geometry": "geometry.MashUpHalloween.ArrowheadCostume",
      "texture": "skinH64.png",
      "cape": "capeH60.png", 
      "type": "free"
    },
    {
      "localization_name": "skinH22",
      "geometry": "geometry.MashUpHalloween.ArrowheadCostume",
      "texture": "skinH22.png",
      "cape": "capeH1.png",
      "type": "free"
    },
    {
      "localization_name": "skinH23",
      "geometry": "geometry.MashUpHalloween.ArrowheadCostume",
      "texture": "skinH23.png",
      "cape": "capeH1.png",
      "type": "free"
    },
    {
      "localization_name": "skinH38",
      "geometry": "geometry.BeachPartySkinPack.LobsterMan",
      "texture": "skinH38.png",
      "cape": "capeH15.png", 
 "animations": {
        "move.arms": "animation.player.move.arms.zombie"
     },  
      "type": "free"
    },
    {
      "localization_name": "skinH39",
      "geometry": "geometry.BeachPartySkinPack.LobsterMan",
      "texture": "skinH39.png",
      "cape": "capeH15.png", 
 "animations": {
        "move.arms": "animation.player.move.arms.zombie"
     },  
      "type": "free"
    },
    {
      "localization_name": "skinH57",
      "geometry": "geometry.ChineseMythology.SnakeCelestialGoddessNuwa",
      "texture": "skinH57.png",
      "cape": "capeH51.png", 
      "type": "free"
    },
    {
      "localization_name": "skinH58",
      "geometry": "geometry.BeachPartySkinPack.LobsterMan",
      "texture": "skinH58.png",
      "cape": "capeH52.png", 
      "type": "free"
    },
    {
      "localization_name": "skinH127",
      "geometry": "geometry.ChineseMythology.SouthernSymbolVermillionBird",
      "texture": "skinH127.png",
      "cape": "capeH69.png", 
      "type": "free"
    },
    {
      "localization_name": "skinH126",
      "geometry": "geometry.ChineseMythology.SouthernSymbolVermillionBird",
      "texture": "skinH126.png",
      "cape": "capeH69.png", 
      "type": "free"
    },
    {
      "localization_name": "skinH87",
      "geometry": "geometry.NorseMythology.Sol",
      "texture": "skinH87.png",
      "cape": "capeH60.png",
      "type": "free"
    },
    {
      "localization_name": "skinH86",
      "geometry": "geometry.NorseMythology.Sol",
      "texture": "skinH86.png",
      "cape": "capeH60.png",
      "type": "free"
    },
    {
      "localization_name": "skinH121",
      "geometry": "geometry.NorseMythology.Sol",
      "texture": "skinH121.png",
      "cape": "capeH94.png",
      "type": "free"
    },
    {
      "localization_name": "skinH122",
      "geometry": "geometry.NorseMythology.Sol",
      "texture": "skinH122.png",
      "cape": "capeH94.png",
      "type": "free"
    },
    {  
      "localization_name": "skinH55",
      "geometry": "geometry.NorseMythology.Sol",
      "texture": "skinH55.png",
      "cape": "capeH10.png",
      "type": "free"
    },
    {
      "localization_name": "skinH56",
      "geometry": "geometry.NorseMythology.Sol",
      "texture": "skinH56.png",
      "cape": "capeH10.png",
      "type": "free"
    },
    {
      "localization_name": "skinH82",
      "geometry": "geometry.BeachPartySkinPack.ClassyBeachwear",
      "texture": "skinH82.png",
      "cape": "capeH88.png",
      "type": "free"
    },
    {
      "localization_name": "skinH83",
      "geometry": "geometry.BeachPartySkinPack.ClassyBeachwear",
      "texture": "skinH83.png",
      "cape": "capeH88.png",
      "type": "free"
    },
    {
      "localization_name": "skinH90",
      "geometry": "geometry.BeachPartySkinPack.ClassyBeachwear",
      "texture": "skinH90.png",
      "cape": "capeH52.png",
      "type": "free"
    },
    {
      "localization_name": "skinH91",
      "geometry": "geometry.BeachPartySkinPack.ClassyBeachwear",
      "texture": "skinH91.png",
      "cape": "capeH51.png",
      "type": "free"
    },
    {  
      "localization_name": "skinH14",
      "geometry": "geometry.FINALFANTASYXVSkinPack.Shiva",
      "texture": "skinH14.png",
      "type": "free"
    },
    {
      "localization_name": "skinH15",
      "geometry": "geometry.FINALFANTASYXVSkinPack.Shiva",
      "texture": "skinH15.png",
      "type": "free"
    },
    {  
      "localization_name": "skinH20",
      "geometry": "geometry.FINALFANTASYXVSkinPack.Shiva",
      "texture": "skinH20.png",
      "type": "free"
    },
    {
      "localization_name": "skinH21",
      "geometry": "geometry.FINALFANTASYXVSkinPack.Shiva",
      "texture": "skinH21.png",
      "type": "free"
    },
    {  
      "localization_name": "skinH100",
      "geometry": "geometry.ChineseMythology.PrincessIronFan",
      "texture": "skinH100.png",
      "cape": "capeH100H.png",
      "type": "free"
    },
    {
      "localization_name": "skinH99",
      "geometry": "geometry.ChineseMythology.PrincessIronFan",
      "texture": "skinH99.png",
      "cape": "capeH100.png",
      "type": "free"
    },
    {
      "localization_name": "CC3",
      "geometry": "geometry.MashUpHalloween.ArrowheadCostume",
      "texture": "CC3.png",
      "cape": "C9.png",
      "type": "free" 
    },
    {
      "localization_name": "CC4",
      "geometry": "geometry.MashUpHalloween.ArrowheadCostume",
      "texture": "CC4.png",
      "cape": "C9.png",
      "type": "free" 
    },
    {
      "localization_name": "CC5",
      "geometry": "geometry.ChineseMythology.SouthernSymbolVermillionBird",
      "texture": "CC5.png",
      "cape": "C3.png",
      "type": "free" 
    },
    {
      "localization_name": "CC6",
      "geometry": "geometry.ChineseMythology.SouthernSymbolVermillionBird",
      "texture": "CC6.png",
      "cape": "C3.png",
      "type": "free" 
    },
    {
      "localization_name": "CC7",
      "geometry": "geometry.StevenUniverse.Peridot",
      "texture": "CC7.png",
      "cape": "C4.png",
      "type": "free" 
    },
    {
      "localization_name": "CC8",
      "geometry": "geometry.StevenUniverse.Peridot",
      "texture": "CC8.png",
      "cape": "C4.png",
      "type": "free" 
    },
    {
      "localization_name": "CC9",
      "geometry": "geometry.BeachPartySkinPack.ClassyBeachwear",
      "texture": "CC9.png",
      "cape": "C2.png",
      "type": "free" 
    },
    {
      "localization_name": "CC10",
      "geometry": "geometry.BeachPartySkinPack.ClassyBeachwear",
      "texture": "CC10.png",
      "cape": "C2.png",
      "type": "free" 
    },
    {
      "localization_name": "CC11",
      "geometry": "geometry.BeachPartySkinPack.ClassyBeachwear",
      "texture": "CC11.png",
      "cape": "C6.png",
      "type": "free" 
    },
    {
      "localization_name": "CC12",
      "geometry": "geometry.BeachPartySkinPack.ClassyBeachwear",
      "texture": "CC12.png",
      "cape": "C6.png",
      "type": "free" 
    },
    {
      "localization_name": "CC13",
      "geometry": "geometry.MashUpHalloween.ArrowheadCostume",
      "texture": "CC13.png",
      "cape": "C5.png",
      "type": "free" 
    },
    {
      "localization_name": "CC14",
      "geometry": "geometry.MashUpHalloween.ArrowheadCostume",
      "texture": "CC14.png",
      "cape": "C5.png",
      "type": "free" 
    },
    {
      "localization_name": "CC15",
      "geometry": "geometry.BeachPartySkinPack.ClassyBeachwear",
      "texture": "CC15.png",
      "cape": "C7.png",
      "type": "free" 
    },
    {
      "localization_name": "CC17",
      "geometry": "geometry.MashUpHalloween.ArrowheadCostume",
      "texture": "CC17.png",
      "cape": "C2.png",
      "type": "free" 
    },
    {
      "localization_name": "CC18",
      "geometry": "geometry.NorseMythology.Ratatoskr",
      "texture": "CC18.png",
      "cape": "C8.png",
      "type": "free" 
    },
    {
      "localization_name": "CC19",
      "geometry": "geometry.NorseMythology.Ratatoskr",
      "texture": "CC19.png",
      "cape": "C8.png",
      "type": "free" 
    },
    {
      "localization_name": "CC20",
      "geometry": "geometry.NorseMythology.Ratatoskr",
      "texture": "CC20.png",
      "cape": "C8.png",
      "type": "free" 
    },
    {
      "localization_name": "CC21",
      "geometry": "geometry.NorseMythology.Ratatoskr",
      "texture": "CC21.png",
      "cape": "C9.png",
      "type": "free" 
    },
    {
      "localization_name": "CC22",
      "geometry": "geometry.NorseMythology.Ratatoskr",
      "texture": "CC22.png",
      "cape": "C9.png",
      "type": "free" 
    },
     {
      "localization_name": "CC23",
      "geometry": "geometry.NorseMythology.Ratatoskr",
      "texture": "CC23.png",
      "cape": "C9.png",
      "type": "free" 
    },
    {
      "localization_name": "CC24",
      "geometry": "geometry.NorseMythology.Ratatoskr",
      "texture": "CC24.png",
      "cape": "C9.png",
      "type": "free" 
    },
    {
      "localization_name": "CC25",
      "geometry": "geometry.NorseMythology.Ratatoskr",
      "texture": "CC25.png",
      "cape": "C9.png",
      "type": "free" 
    },
    {
      "localization_name": "CC26",
      "geometry": "geometry.NorseMythology.Ratatoskr",
      "texture": "CC26.png",
      "cape": "C9.png",
      "type": "free" 
    },
    {
      "localization_name": "CC27",
      "geometry": "geometry.NorseMythology.Ratatoskr",
      "texture": "CC27.png",
      "cape": "C9.png",
      "type": "free" 
    },
    {
      "localization_name": "CC28",
      "geometry": "geometry.NorseMythology.Ratatoskr",
      "texture": "CC28.png",
      "cape": "C9.png",
      "type": "free" 
    },
     {
      "localization_name": "CC29",
      "geometry": "geometry.NorseMythology.Ratatoskr",
      "texture": "CC29.png",
      "cape": "C9.png",
      "type": "free" 
    },
    {
      "localization_name": "CC30",
      "geometry": "geometry.NorseMythology.Ratatoskr",
      "texture": "CC30.png",
      "cape": "C9.png",
      "type": "free" 
    },
    {
      "localization_name": "CC31",
      "geometry": "geometry.NorseMythology.Ratatoskr",
      "texture": "CC31.png",
      "cape": "C9.png",
      "type": "free" 
    },
    {
      "localization_name": "CC32",
      "geometry": "geometry.NorseMythology.Ratatoskr",
      "texture": "CC32.png",
      "cape": "C9.png",
      "type": "free" 
    },
    {
      "localization_name": "CC33",
      "geometry": "geometry.NorseMythology.Ratatoskr",
      "texture": "CC33.png",
      "cape": "C9.png",
      "type": "free" 
    },
    {
      "localization_name": "CC34",
      "geometry": "geometry.NorseMythology.Ratatoskr",
      "texture": "CC34.png",
      "cape": "C9.png",
      "type": "free" 
    },
    {
      "localization_name": "CC35",
      "geometry": "geometry.NorseMythology.Ratatoskr",
      "texture": "CC35.png",
      "cape": "C9.png",
      "type": "free" 
    },
    {
      "localization_name": "CC36",
      "geometry": "geometry.NorseMythology.Ratatoskr",
      "texture": "CC36.png",
      "cape": "C9.png",
      "type": "free" 
    }
   ],
  "serialize_name": "NotApprovedx-skin pack",
  "localization_name": "NotApprovedx"
}